<?xml version="1.0" encoding="UTF-8"?>
<project-private xmlns="http://www.netbeans.org/ns/project-private/1">
    <editor-bookmarks xmlns="http://www.netbeans.org/ns/editor-bookmarks/2" lastBookmarkId="0"/>
    <open-files xmlns="http://www.netbeans.org/ns/projectui-open-files/2">
        <group>
            <file>file:/E:/TPI/VeganRecipes/CallAjax.php</file>
            <file>file:/E:/TPI/VeganRecipes/disconnect.php</file>
            <file>file:/E:/TPI/VeganRecipes/lib/FonctionAffichageIndex.php</file>
            <file>file:/E:/TPI/VeganRecipes/lib/formatFunctions.php</file>
            <file>file:/E:/TPI/VeganRecipes/controllerIndex.php</file>
            <file>file:/E:/TPI/VeganRecipes/index.php</file>
            <file>file:/E:/TPI/VeganRecipes/CRUD/DbConnect.php</file>
            <file>file:/E:/TPI/VeganRecipes/js/functionsRecipe.js</file>
        </group>
    </open-files>
</project-private>
